,Name,Team,Number,Position,Age,Height,Weight,College,Salary,Sport
0,Avery Bradley,Boston Celtics,0.0,PG,25.0,6-2,180.0,Texas,7730337.0,Basketball
1,Jae Crowder,Boston Celtics,99.0,SF,25.0,6-6,235.0,Marquette,6796117.0,Basketball
2,John Holland,Boston Celtics,30.0,SG,27.0,6-5,205.0,Boston University,,Basketball
3,R.J. Hunter,Boston Celtics,28.0,SG,22.0,6-5,185.0,Georgia State,1148640.0,Basketball
4,Jonas Jerebko,Boston Celtics,8.0,PF,29.0,6-10,231.0,,5000000.0,Basketball
5,Amir Johnson,Boston Celtics,90.0,PF,29.0,6-9,240.0,,12000000.0,Basketball
6,Jordan Mickey,Boston Celtics,55.0,PF,21.0,6-8,235.0,LSU,1170960.0,Basketball
7,Kelly Olynyk,Boston Celtics,41.0,C,25.0,7-0,238.0,Gonzaga,2165160.0,Basketball
8,Terry Rozier,Boston Celtics,12.0,PG,22.0,6-2,190.0,Louisville,1824360.0,Basketball
9,Marcus Smart,Boston Celtics,36.0,PG,22.0,6-4,220.0,Oklahoma State,3431040.0,Basketball
10,Jared Sullinger,Boston Celtics,7.0,C,24.0,6-9,260.0,Ohio State,2569260.0,Basketball
11,Isaiah Thomas,Boston Celtics,4.0,PG,27.0,5-9,185.0,Washington,6912869.0,Basketball
12,Evan Turner,Boston Celtics,11.0,SG,27.0,6-7,220.0,Ohio State,3425510.0,Basketball
13,James Young,Boston Celtics,13.0,SG,20.0,6-6,215.0,Kentucky,1749840.0,Basketball
14,Tyler Zeller,Boston Celtics,44.0,C,26.0,7-0,253.0,North Carolina,2616975.0,Basketball
15,Bojan Bogdanovic,Brooklyn Nets,44.0,SG,27.0,6-8,216.0,,3425510.0,Basketball
16,Markel Brown,Brooklyn Nets,22.0,SG,24.0,6-3,190.0,Oklahoma State,845059.0,Basketball
17,Wayne Ellington,Brooklyn Nets,21.0,SG,28.0,6-4,200.0,North Carolina,1500000.0,Basketball
18,Rondae Hollis-Jefferson,Brooklyn Nets,24.0,SG,21.0,6-7,220.0,Arizona,1335480.0,Basketball
19,Jarrett Jack,Brooklyn Nets,2.0,PG,32.0,6-3,200.0,Georgia Tech,6300000.0,Basketball
20,Sergey Karasev,Brooklyn Nets,10.0,SG,22.0,6-7,208.0,,1599840.0,Basketball
21,Sean Kilpatrick,Brooklyn Nets,6.0,SG,26.0,6-4,219.0,Cincinnati,134215.0,Basketball
22,Shane Larkin,Brooklyn Nets,0.0,PG,23.0,5-11,175.0,Miami (FL),1500000.0,Basketball
23,Brook Lopez,Brooklyn Nets,11.0,C,28.0,7-0,275.0,Stanford,19689000.0,Basketball
24,Chris McCullough,Brooklyn Nets,1.0,PF,21.0,6-11,200.0,Syracuse,1140240.0,Basketball
25,Willie Reed,Brooklyn Nets,33.0,PF,26.0,6-10,220.0,Saint Louis,947276.0,Basketball
26,Thomas Robinson,Brooklyn Nets,41.0,PF,25.0,6-10,237.0,Kansas,981348.0,Basketball
27,Henry Sims,Brooklyn Nets,14.0,C,26.0,6-10,248.0,Georgetown,947276.0,Basketball
28,Donald Sloan,Brooklyn Nets,15.0,PG,28.0,6-3,205.0,Texas A&M,947276.0,Basketball
29,Thaddeus Young,Brooklyn Nets,30.0,PF,27.0,6-8,221.0,Georgia Tech,11235955.0,Basketball
30,Arron Afflalo,New York Knicks,4.0,SG,30.0,6-5,210.0,UCLA,8000000.0,Basketball
31,Lou Amundson,New York Knicks,17.0,PF,33.0,6-9,220.0,UNLV,1635476.0,Basketball
32,Thanasis Antetokounmpo,New York Knicks,43.0,SF,23.0,6-7,205.0,,30888.0,Basketball
33,Carmelo Anthony,New York Knicks,7.0,SF,32.0,6-8,240.0,Syracuse,22875000.0,Basketball
34,Jose Calderon,New York Knicks,3.0,PG,34.0,6-3,200.0,,7402812.0,Basketball
35,Cleanthony Early,New York Knicks,11.0,SF,25.0,6-8,210.0,Wichita State,845059.0,Basketball
36,Langston Galloway,New York Knicks,2.0,SG,24.0,6-2,200.0,Saint Joseph's,845059.0,Basketball
37,Jerian Grant,New York Knicks,13.0,PG,23.0,6-4,195.0,Notre Dame,1572360.0,Basketball
38,Robin Lopez,New York Knicks,8.0,C,28.0,7-0,255.0,Stanford,12650000.0,Basketball
39,Kyle O'Quinn,New York Knicks,9.0,PF,26.0,6-10,250.0,Norfolk State,3750000.0,Basketball
40,Kristaps Porzingis,New York Knicks,6.0,PF,20.0,7-3,240.0,,4131720.0,Basketball
41,Kevin Seraphin,New York Knicks,1.0,C,26.0,6-10,278.0,,2814000.0,Basketball
42,Lance Thomas,New York Knicks,42.0,SF,28.0,6-8,235.0,Duke,1636842.0,Basketball
43,Sasha Vujacic,New York Knicks,18.0,SG,32.0,6-7,195.0,,947276.0,Basketball
44,Derrick Williams,New York Knicks,23.0,PF,25.0,6-8,240.0,Arizona,4000000.0,Basketball
45,Tony Wroten,New York Knicks,5.0,SG,23.0,6-6,205.0,Washington,167406.0,Basketball
46,Elton Brand,Philadelphia 76ers,42.0,PF,37.0,6-9,254.0,Duke,,Basketball
47,Isaiah Canaan,Philadelphia 76ers,0.0,PG,25.0,6-0,201.0,Murray State,947276.0,Basketball
48,Robert Covington,Philadelphia 76ers,33.0,SF,25.0,6-9,215.0,Tennessee State,1000000.0,Basketball
49,Joel Embiid,Philadelphia 76ers,21.0,C,22.0,7-0,250.0,Kansas,4626960.0,Basketball
50,Jerami Grant,Philadelphia 76ers,39.0,SF,22.0,6-8,210.0,Syracuse,845059.0,Basketball
51,Richaun Holmes,Philadelphia 76ers,22.0,PF,22.0,6-10,245.0,Bowling Green,1074169.0,Basketball
52,Carl Landry,Philadelphia 76ers,7.0,PF,32.0,6-9,248.0,Purdue,6500000.0,Basketball
53,Kendall Marshall,Philadelphia 76ers,5.0,PG,24.0,6-4,200.0,North Carolina,2144772.0,Basketball
54,T.J. McConnell,Philadelphia 76ers,12.0,PG,24.0,6-2,200.0,Arizona,525093.0,Basketball
55,Nerlens Noel,Philadelphia 76ers,4.0,PF,22.0,6-11,228.0,Kentucky,3457800.0,Basketball
56,Jahlil Okafor,Philadelphia 76ers,8.0,C,20.0,6-11,275.0,Duke,4582680.0,Basketball
57,Ish Smith,Philadelphia 76ers,1.0,PG,27.0,6-0,175.0,Wake Forest,947276.0,Basketball
58,Nik Stauskas,Philadelphia 76ers,11.0,SG,22.0,6-6,205.0,Michigan,2869440.0,Basketball
59,Hollis Thompson,Philadelphia 76ers,31.0,SG,25.0,6-8,206.0,Georgetown,947276.0,Basketball
60,Christian Wood,Philadelphia 76ers,35.0,PF,20.0,6-11,220.0,UNLV,525093.0,Basketball
61,Bismack Biyombo,Toronto Raptors,8.0,C,23.0,6-9,245.0,,2814000.0,Basketball
62,Bruno Caboclo,Toronto Raptors,20.0,SF,20.0,6-9,205.0,,1524000.0,Basketball
63,DeMarre Carroll,Toronto Raptors,5.0,SF,29.0,6-8,212.0,Missouri,13600000.0,Basketball
64,DeMar DeRozan,Toronto Raptors,10.0,SG,26.0,6-7,220.0,USC,10050000.0,Basketball
65,James Johnson,Toronto Raptors,3.0,PF,29.0,6-9,250.0,Wake Forest,2500000.0,Basketball
66,Cory Joseph,Toronto Raptors,6.0,PG,24.0,6-3,190.0,Texas,7000000.0,Basketball
67,Kyle Lowry,Toronto Raptors,7.0,PG,30.0,6-0,205.0,Villanova,12000000.0,Basketball
68,Lucas Nogueira,Toronto Raptors,92.0,C,23.0,7-0,220.0,,1842000.0,Basketball
69,Patrick Patterson,Toronto Raptors,54.0,PF,27.0,6-9,235.0,Kentucky,6268675.0,Basketball
70,Norman Powell,Toronto Raptors,24.0,SG,23.0,6-4,215.0,UCLA,650000.0,Basketball
71,Terrence Ross,Toronto Raptors,31.0,SF,25.0,6-7,195.0,Washington,3553917.0,Basketball
72,Luis Scola,Toronto Raptors,4.0,PF,36.0,6-9,240.0,,2900000.0,Basketball
73,Jason Thompson,Toronto Raptors,1.0,PF,29.0,6-11,250.0,Rider,245177.0,Basketball
74,Jonas Valanciunas,Toronto Raptors,17.0,C,24.0,7-0,255.0,,4660482.0,Basketball
75,Delon Wright,Toronto Raptors,55.0,PG,24.0,6-5,190.0,Utah,1509360.0,Basketball
76,Leandro Barbosa,Golden State Warriors,19.0,SG,33.0,6-3,194.0,,2500000.0,Basketball
77,Harrison Barnes,Golden State Warriors,40.0,SF,24.0,6-8,225.0,North Carolina,3873398.0,Basketball
78,Andrew Bogut,Golden State Warriors,12.0,C,31.0,7-0,260.0,Utah,13800000.0,Basketball
79,Ian Clark,Golden State Warriors,21.0,SG,25.0,6-3,175.0,Belmont,947276.0,Basketball
80,Stephen Curry,Golden State Warriors,30.0,PG,28.0,6-3,190.0,Davidson,11370786.0,Basketball
81,Festus Ezeli,Golden State Warriors,31.0,C,26.0,6-11,265.0,Vanderbilt,2008748.0,Basketball
82,Draymond Green,Golden State Warriors,23.0,PF,26.0,6-7,230.0,Michigan State,14260870.0,Basketball
83,Andre Iguodala,Golden State Warriors,9.0,SF,32.0,6-6,215.0,Arizona,11710456.0,Basketball
84,Shaun Livingston,Golden State Warriors,34.0,PG,30.0,6-7,192.0,,5543725.0,Basketball
85,Kevon Looney,Golden State Warriors,36.0,SF,20.0,6-9,220.0,UCLA,1131960.0,Basketball
86,James Michael McAdoo,Golden State Warriors,20.0,SF,23.0,6-9,240.0,North Carolina,845059.0,Basketball
87,Brandon Rush,Golden State Warriors,4.0,SF,30.0,6-6,220.0,Kansas,1270964.0,Basketball
88,Marreese Speights,Golden State Warriors,5.0,C,28.0,6-10,255.0,Florida,3815000.0,Basketball
89,Klay Thompson,Golden State Warriors,11.0,SG,26.0,6-7,215.0,Washington State,15501000.0,Basketball
90,Anderson Varejao,Golden State Warriors,18.0,PF,33.0,6-11,273.0,,289755.0,Basketball
91,Cole Aldrich,Los Angeles Clippers,45.0,C,27.0,6-11,250.0,Kansas,1100602.0,Basketball
92,Jeff Ayres,Los Angeles Clippers,19.0,PF,29.0,6-9,250.0,Arizona State,111444.0,Basketball
93,Jamal Crawford,Los Angeles Clippers,11.0,SG,36.0,6-5,195.0,Michigan,5675000.0,Basketball
94,Branden Dawson,Los Angeles Clippers,22.0,SF,23.0,6-6,225.0,Michigan State,525093.0,Basketball
95,Jeff Green,Los Angeles Clippers,8.0,SF,29.0,6-9,235.0,Georgetown,9650000.0,Basketball
96,Blake Griffin,Los Angeles Clippers,32.0,PF,27.0,6-10,251.0,Oklahoma,18907726.0,Basketball
97,Wesley Johnson,Los Angeles Clippers,33.0,SF,28.0,6-7,215.0,Syracuse,1100602.0,Basketball
98,DeAndre Jordan,Los Angeles Clippers,6.0,C,27.0,6-11,265.0,Texas A&M,19689000.0,Basketball
99,Luc Richard Mbah a Moute,Los Angeles Clippers,12.0,PF,29.0,6-8,230.0,UCLA,947276.0,Basketball
100,Chris Paul,Los Angeles Clippers,3.0,PG,31.0,6-0,175.0,Wake Forest,21468695.0,Basketball
101,Paul Pierce,Los Angeles Clippers,34.0,SF,38.0,6-7,235.0,Kansas,3376000.0,Basketball
102,Pablo Prigioni,Los Angeles Clippers,9.0,PG,39.0,6-3,185.0,,947726.0,Basketball
103,JJ Redick,Los Angeles Clippers,4.0,SG,31.0,6-4,190.0,Duke,7085000.0,Basketball
104,Austin Rivers,Los Angeles Clippers,25.0,PG,23.0,6-4,200.0,Duke,3110796.0,Basketball
105,C.J. Wilcox,Los Angeles Clippers,30.0,SG,25.0,6-5,195.0,Washington,1159680.0,Basketball
106,Brandon Bass,Los Angeles Lakers,2.0,PF,31.0,6-8,250.0,LSU,3000000.0,Basketball
107,Tarik Black,Los Angeles Lakers,28.0,C,24.0,6-9,250.0,Kansas,845059.0,Basketball
108,Anthony Brown,Los Angeles Lakers,3.0,SF,23.0,6-7,210.0,Stanford,700000.0,Basketball
109,Kobe Bryant,Los Angeles Lakers,24.0,SF,37.0,6-6,212.0,,25000000.0,Basketball
110,Jordan Clarkson,Los Angeles Lakers,6.0,PG,24.0,6-5,194.0,Missouri,845059.0,Basketball
111,Roy Hibbert,Los Angeles Lakers,17.0,C,29.0,7-2,270.0,Georgetown,15592217.0,Basketball
112,Marcelo Huertas,Los Angeles Lakers,9.0,PG,33.0,6-3,200.0,,525093.0,Basketball
113,Ryan Kelly,Los Angeles Lakers,4.0,PF,25.0,6-11,230.0,Duke,1724250.0,Basketball
114,Larry Nance Jr.,Los Angeles Lakers,7.0,PF,23.0,6-9,230.0,Wyoming,1155600.0,Basketball
115,Julius Randle,Los Angeles Lakers,30.0,PF,21.0,6-9,250.0,Kentucky,3132240.0,Basketball
116,D'Angelo Russell,Los Angeles Lakers,1.0,PG,20.0,6-5,195.0,Ohio State,5103120.0,Basketball
117,Robert Sacre,Los Angeles Lakers,50.0,C,27.0,7-0,270.0,Gonzaga,981348.0,Basketball
118,Louis Williams,Los Angeles Lakers,23.0,SG,29.0,6-1,175.0,,7000000.0,Basketball
119,Metta World Peace,Los Angeles Lakers,37.0,SF,36.0,6-7,260.0,St. John's,947276.0,Basketball
120,Nick Young,Los Angeles Lakers,0.0,SF,31.0,6-7,210.0,USC,5219169.0,Basketball
121,Eric Bledsoe,Phoenix Suns,2.0,PG,26.0,6-1,190.0,Kentucky,13500000.0,Basketball
122,Devin Booker,Phoenix Suns,1.0,SG,19.0,6-6,206.0,Kentucky,2127840.0,Basketball
123,Chase Budinger,Phoenix Suns,10.0,SF,28.0,6-7,209.0,Arizona,206192.0,Basketball
124,Tyson Chandler,Phoenix Suns,4.0,C,33.0,7-1,240.0,,13000000.0,Basketball
125,Archie Goodwin,Phoenix Suns,20.0,SG,21.0,6-5,200.0,Kentucky,1160160.0,Basketball
126,John Jenkins,Phoenix Suns,23.0,SG,25.0,6-4,215.0,Vanderbilt,981348.0,Basketball
127,Brandon Knight,Phoenix Suns,3.0,PG,24.0,6-3,189.0,Kentucky,13500000.0,Basketball
128,Alex Len,Phoenix Suns,21.0,C,22.0,7-1,260.0,Maryland,3807120.0,Basketball
129,Jon Leuer,Phoenix Suns,30.0,PF,27.0,6-10,228.0,Wisconsin,1035000.0,Basketball
130,Phil Pressey,Phoenix Suns,25.0,PG,25.0,5-11,175.0,Missouri,55722.0,Basketball
131,Ronnie Price,Phoenix Suns,14.0,PG,32.0,6-2,190.0,Utah Valley,947276.0,Basketball
132,Mirza Teletovic,Phoenix Suns,35.0,PF,30.0,6-9,242.0,,5500000.0,Basketball
133,P.J. Tucker,Phoenix Suns,17.0,SF,31.0,6-6,245.0,Texas,5500000.0,Basketball
134,T.J. Warren,Phoenix Suns,12.0,SF,22.0,6-8,230.0,North Carolina State,2041080.0,Basketball
135,Alan Williams,Phoenix Suns,15.0,C,23.0,6-8,260.0,UC Santa Barbara,83397.0,Basketball
136,Quincy Acy,Sacramento Kings,13.0,SF,25.0,6-7,240.0,Baylor,981348.0,Basketball
137,James Anderson,Sacramento Kings,5.0,SG,27.0,6-6,213.0,Oklahoma State,1015421.0,Basketball
138,Marco Belinelli,Sacramento Kings,3.0,SG,30.0,6-5,210.0,,6060606.0,Basketball
139,Caron Butler,Sacramento Kings,31.0,SF,36.0,6-7,228.0,Connecticut,1449187.0,Basketball
140,Omri Casspi,Sacramento Kings,18.0,SF,27.0,6-9,225.0,,2836186.0,Basketball
141,Willie Cauley-Stein,Sacramento Kings,0.0,C,22.0,7-0,240.0,Kentucky,3398280.0,Basketball
142,Darren Collison,Sacramento Kings,7.0,PG,28.0,6-0,175.0,UCLA,5013559.0,Basketball
143,DeMarcus Cousins,Sacramento Kings,15.0,C,25.0,6-11,270.0,Kentucky,15851950.0,Basketball
144,Seth Curry,Sacramento Kings,30.0,SG,25.0,6-2,185.0,Duke,947276.0,Basketball
145,Duje Dukan,Sacramento Kings,26.0,PF,24.0,6-9,220.0,Wisconsin,525093.0,Basketball
146,Rudy Gay,Sacramento Kings,8.0,SF,29.0,6-8,230.0,Connecticut,12403101.0,Basketball
147,Kosta Koufos,Sacramento Kings,41.0,C,27.0,7-0,265.0,Ohio State,7700000.0,Basketball
148,Ben McLemore,Sacramento Kings,23.0,SG,23.0,6-5,195.0,Kansas,3156600.0,Basketball
149,Eric Moreland,Sacramento Kings,25.0,PF,24.0,6-10,238.0,Oregon State,845059.0,Basketball
150,Rajon Rondo,Sacramento Kings,9.0,PG,30.0,6-1,186.0,Kentucky,9500000.0,Basketball
151,Cameron Bairstow,Chicago Bulls,41.0,PF,25.0,6-9,250.0,New Mexico,845059.0,Basketball
152,Aaron Brooks,Chicago Bulls,0.0,PG,31.0,6-0,161.0,Oregon,2250000.0,Basketball
153,Jimmy Butler,Chicago Bulls,21.0,SG,26.0,6-7,220.0,Marquette,16407500.0,Basketball
154,Mike Dunleavy,Chicago Bulls,34.0,SG,35.0,6-9,230.0,Duke,4500000.0,Basketball
155,Cristiano Felicio,Chicago Bulls,6.0,PF,23.0,6-10,275.0,,525093.0,Basketball
156,Pau Gasol,Chicago Bulls,16.0,C,35.0,7-0,250.0,,7448760.0,Basketball
157,Taj Gibson,Chicago Bulls,22.0,PF,30.0,6-9,225.0,USC,8500000.0,Basketball
158,Justin Holiday,Chicago Bulls,7.0,SG,27.0,6-6,185.0,Washington,947276.0,Basketball
159,Doug McDermott,Chicago Bulls,3.0,SF,24.0,6-8,225.0,Creighton,2380440.0,Basketball
160,Nikola Mirotic,Chicago Bulls,44.0,PF,25.0,6-10,220.0,,5543725.0,Basketball
161,E'Twaun Moore,Chicago Bulls,55.0,SG,27.0,6-4,191.0,Purdue,1015421.0,Basketball
162,Joakim Noah,Chicago Bulls,13.0,C,31.0,6-11,232.0,Florida,13400000.0,Basketball
163,Bobby Portis,Chicago Bulls,5.0,PF,21.0,6-11,230.0,Arkansas,1391160.0,Basketball
164,Derrick Rose,Chicago Bulls,1.0,PG,27.0,6-3,190.0,Memphis,20093064.0,Basketball
165,Tony Snell,Chicago Bulls,20.0,SF,24.0,6-7,200.0,New Mexico,1535880.0,Basketball
166,Matthew Dellavedova,Cleveland Cavaliers,8.0,PG,25.0,6-4,198.0,Saint Mary's,1147276.0,Basketball
167,Channing Frye,Cleveland Cavaliers,9.0,PF,33.0,6-11,255.0,Arizona,8193029.0,Basketball
168,Kyrie Irving,Cleveland Cavaliers,2.0,PG,24.0,6-3,193.0,Duke,16407501.0,Basketball
169,LeBron James,Cleveland Cavaliers,23.0,SF,31.0,6-8,250.0,,22970500.0,Basketball
170,Richard Jefferson,Cleveland Cavaliers,24.0,SF,35.0,6-7,233.0,Arizona,947276.0,Basketball
171,Dahntay Jones,Cleveland Cavaliers,30.0,SG,35.0,6-6,225.0,Duke,,Basketball
172,James Jones,Cleveland Cavaliers,1.0,SG,35.0,6-8,218.0,Miami (FL),947276.0,Basketball
173,Sasha Kaun,Cleveland Cavaliers,14.0,C,31.0,6-11,260.0,Kansas,1276000.0,Basketball
174,Kevin Love,Cleveland Cavaliers,0.0,PF,27.0,6-10,251.0,UCLA,19689000.0,Basketball
175,Jordan McRae,Cleveland Cavaliers,12.0,SG,25.0,6-5,179.0,Tennessee,111196.0,Basketball
176,Timofey Mozgov,Cleveland Cavaliers,20.0,C,29.0,7-1,275.0,,4950000.0,Basketball
177,Iman Shumpert,Cleveland Cavaliers,4.0,SG,25.0,6-5,220.0,Georgia Tech,8988765.0,Basketball
178,J.R. Smith,Cleveland Cavaliers,5.0,SG,30.0,6-6,225.0,,5000000.0,Basketball
179,Tristan Thompson,Cleveland Cavaliers,13.0,C,25.0,6-9,238.0,Texas,14260870.0,Basketball
180,Mo Williams,Cleveland Cavaliers,52.0,PG,33.0,6-1,198.0,Alabama,2100000.0,Basketball
181,Joel Anthony,Detroit Pistons,50.0,C,33.0,6-9,245.0,UNLV,2500000.0,Basketball
182,Aron Baynes,Detroit Pistons,12.0,C,29.0,6-10,260.0,Washington State,6500000.0,Basketball
183,Steve Blake,Detroit Pistons,22.0,PG,36.0,6-3,172.0,Maryland,2170465.0,Basketball
184,Lorenzo Brown,Detroit Pistons,17.0,PG,25.0,6-5,189.0,North Carolina State,111444.0,Basketball
185,Reggie Bullock,Detroit Pistons,25.0,SF,25.0,6-7,205.0,North Carolina,1252440.0,Basketball
186,Kentavious Caldwell-Pope,Detroit Pistons,5.0,SG,23.0,6-5,205.0,Georgia,2891760.0,Basketball
187,Spencer Dinwiddie,Detroit Pistons,8.0,PG,23.0,6-6,200.0,Colorado,845059.0,Basketball
188,Andre Drummond,Detroit Pistons,0.0,C,22.0,6-11,279.0,Connecticut,3272091.0,Basketball
189,Tobias Harris,Detroit Pistons,34.0,SF,23.0,6-9,235.0,Tennessee,16000000.0,Basketball
190,Darrun Hilliard,Detroit Pistons,6.0,SF,23.0,6-6,205.0,Villanova,600000.0,Basketball
191,Reggie Jackson,Detroit Pistons,1.0,PG,26.0,6-3,208.0,Boston College,13913044.0,Basketball
192,Stanley Johnson,Detroit Pistons,3.0,SF,20.0,6-7,245.0,Arizona,2841960.0,Basketball
193,Jodie Meeks,Detroit Pistons,20.0,SG,28.0,6-4,210.0,Kentucky,6270000.0,Basketball
194,Marcus Morris,Detroit Pistons,13.0,PF,26.0,6-9,235.0,Kansas,5000000.0,Basketball
195,Anthony Tolliver,Detroit Pistons,43.0,PF,31.0,6-8,240.0,Creighton,3000000.0,Basketball
196,Lavoy Allen,Indiana Pacers,5.0,PF,27.0,6-9,255.0,Temple,4050000.0,Basketball
197,Rakeem Christmas,Indiana Pacers,25.0,PF,24.0,6-9,250.0,Syracuse,1007026.0,Basketball
198,Monta Ellis,Indiana Pacers,11.0,SG,30.0,6-3,185.0,,10300000.0,Basketball
199,Paul George,Indiana Pacers,13.0,SF,26.0,6-9,220.0,Fresno State,17120106.0,Basketball
200,George Hill,Indiana Pacers,3.0,PG,30.0,6-3,188.0,IUPUI,8000000.0,Basketball
201,Jordan Hill,Indiana Pacers,27.0,C,28.0,6-10,235.0,Arizona,4000000.0,Basketball
202,Solomon Hill,Indiana Pacers,44.0,SF,25.0,6-7,225.0,Arizona,1358880.0,Basketball
203,Ty Lawson,Indiana Pacers,10.0,PG,28.0,5-11,195.0,North Carolina,211744.0,Basketball
204,Ian Mahinmi,Indiana Pacers,28.0,C,29.0,6-11,250.0,,4000000.0,Basketball
205,C.J. Miles,Indiana Pacers,0.0,SF,29.0,6-6,231.0,,4394225.0,Basketball
206,Glenn Robinson III,Indiana Pacers,40.0,SG,22.0,6-7,222.0,Michigan,1100000.0,Basketball
207,Rodney Stuckey,Indiana Pacers,2.0,PG,30.0,6-5,205.0,Eastern Washington,7000000.0,Basketball
208,Myles Turner,Indiana Pacers,33.0,PF,20.0,6-11,243.0,Texas,2357760.0,Basketball
209,Shayne Whittington,Indiana Pacers,42.0,PF,25.0,6-11,250.0,Western Michigan,845059.0,Basketball
210,Joe Young,Indiana Pacers,1.0,PG,23.0,6-2,180.0,Oregon,1007026.0,Basketball
211,Giannis Antetokounmpo,Milwaukee Bucks,34.0,SF,21.0,6-11,222.0,,1953960.0,Basketball
212,Jerryd Bayless,Milwaukee Bucks,19.0,PG,27.0,6-3,200.0,Arizona,3000000.0,Basketball
213,Michael Carter-Williams,Milwaukee Bucks,5.0,PG,24.0,6-6,190.0,Syracuse,2399040.0,Basketball
214,Jared Cunningham,Milwaukee Bucks,9.0,SG,25.0,6-4,195.0,Oregon State,947276.0,Basketball
215,Tyler Ennis,Milwaukee Bucks,11.0,PG,21.0,6-3,194.0,Syracuse,1662360.0,Basketball
216,John Henson,Milwaukee Bucks,31.0,PF,25.0,6-11,229.0,North Carolina,2943221.0,Basketball
217,Damien Inglis,Milwaukee Bucks,17.0,SF,21.0,6-8,246.0,,855000.0,Basketball
218,O.J. Mayo,Milwaukee Bucks,3.0,SG,28.0,6-5,210.0,USC,8000000.0,Basketball
219,Khris Middleton,Milwaukee Bucks,22.0,SG,24.0,6-8,234.0,Texas A&M,14700000.0,Basketball
220,Greg Monroe,Milwaukee Bucks,15.0,C,26.0,6-11,265.0,Georgetown,16407500.0,Basketball
221,Steve Novak,Milwaukee Bucks,6.0,SF,32.0,6-10,225.0,Marquette,295327.0,Basketball
222,Johnny O'Bryant III,Milwaukee Bucks,77.0,PF,23.0,6-9,257.0,LSU,845059.0,Basketball
223,Jabari Parker,Milwaukee Bucks,12.0,PF,21.0,6-8,250.0,Duke,5152440.0,Basketball
224,Miles Plumlee,Milwaukee Bucks,18.0,C,27.0,6-11,249.0,Duke,2109294.0,Basketball
225,Greivis Vasquez,Milwaukee Bucks,21.0,PG,29.0,6-6,217.0,Maryland,6600000.0,Basketball
226,Rashad Vaughn,Milwaukee Bucks,20.0,SG,19.0,6-6,202.0,UNLV,1733040.0,Basketball
227,Justin Anderson,Dallas Mavericks,1.0,SG,22.0,6-6,228.0,Virginia,1449000.0,Basketball
228,J.J. Barea,Dallas Mavericks,5.0,PG,31.0,6-0,185.0,Northeastern,4290000.0,Basketball
229,Jeremy Evans,Dallas Mavericks,21.0,SF,28.0,6-9,200.0,Western Kentucky,1100602.0,Basketball
230,Raymond Felton,Dallas Mavericks,2.0,PG,31.0,6-1,205.0,North Carolina,3950313.0,Basketball
231,Devin Harris,Dallas Mavericks,34.0,PG,33.0,6-3,185.0,Wisconsin,4053446.0,Basketball
232,David Lee,Dallas Mavericks,42.0,PF,33.0,6-9,245.0,Florida,2085671.0,Basketball
233,Wesley Matthews,Dallas Mavericks,23.0,SG,29.0,6-5,220.0,Marquette,16407500.0,Basketball
234,JaVale McGee,Dallas Mavericks,11.0,C,28.0,7-0,270.0,Nevada,1270964.0,Basketball
235,Salah Mejri,Dallas Mavericks,50.0,C,29.0,7-2,245.0,,525093.0,Basketball
236,Dirk Nowitzki,Dallas Mavericks,41.0,PF,37.0,7-0,245.0,,8333334.0,Basketball
237,Zaza Pachulia,Dallas Mavericks,27.0,C,32.0,6-11,275.0,,5200000.0,Basketball
238,Chandler Parsons,Dallas Mavericks,25.0,SF,27.0,6-10,230.0,Florida,15361500.0,Basketball
239,Dwight Powell,Dallas Mavericks,7.0,PF,24.0,6-11,240.0,Stanford,845059.0,Basketball
240,Charlie Villanueva,Dallas Mavericks,3.0,PF,31.0,6-11,232.0,Connecticut,947276.0,Basketball
241,Deron Williams,Dallas Mavericks,8.0,PG,31.0,6-3,200.0,Illinois,5378974.0,Basketball
242,Trevor Ariza,Houston Rockets,1.0,SF,30.0,6-8,215.0,UCLA,8193030.0,Basketball
243,Michael Beasley,Houston Rockets,8.0,SF,27.0,6-10,235.0,Kansas State,306527.0,Basketball
244,Patrick Beverley,Houston Rockets,2.0,PG,27.0,6-1,185.0,Arkansas,6486486.0,Basketball
245,Corey Brewer,Houston Rockets,33.0,SG,30.0,6-9,186.0,Florida,8229375.0,Basketball
246,Clint Capela,Houston Rockets,15.0,PF,22.0,6-10,240.0,,1242720.0,Basketball
247,Sam Dekker,Houston Rockets,7.0,SF,22.0,6-9,230.0,Wisconsin,1646400.0,Basketball
248,Andrew Goudelock,Houston Rockets,0.0,PG,27.0,6-3,200.0,Charleston,200600.0,Basketball
249,James Harden,Houston Rockets,13.0,SG,26.0,6-5,220.0,Arizona State,15756438.0,Basketball
250,Montrezl Harrell,Houston Rockets,35.0,PF,22.0,6-8,240.0,Louisville,1000000.0,Basketball
251,Dwight Howard,Houston Rockets,12.0,C,30.0,6-11,265.0,,22359364.0,Basketball
252,Terrence Jones,Houston Rockets,6.0,PF,24.0,6-9,252.0,Kentucky,2489530.0,Basketball
253,K.J. McDaniels,Houston Rockets,32.0,SG,23.0,6-6,205.0,Clemson,3189794.0,Basketball
254,Donatas Motiejunas,Houston Rockets,20.0,PF,25.0,7-0,222.0,,2288205.0,Basketball
255,Josh Smith,Houston Rockets,5.0,C,30.0,6-9,225.0,,947276.0,Basketball
256,Jason Terry,Houston Rockets,31.0,SG,38.0,6-2,185.0,Arizona,947276.0,Basketball
257,Jordan Adams,Memphis Grizzlies,3.0,SG,21.0,6-5,209.0,UCLA,1404600.0,Basketball
258,Tony Allen,Memphis Grizzlies,9.0,SG,34.0,6-4,213.0,Oklahoma State,5158539.0,Basketball
259,Chris Andersen,Memphis Grizzlies,7.0,PF,37.0,6-10,245.0,Blinn College,5000000.0,Basketball
260,Matt Barnes,Memphis Grizzlies,22.0,SF,36.0,6-7,226.0,UCLA,3542500.0,Basketball
261,Vince Carter,Memphis Grizzlies,15.0,SG,39.0,6-6,220.0,North Carolina,4088019.0,Basketball
262,Mike Conley,Memphis Grizzlies,11.0,PG,28.0,6-1,175.0,Ohio State,9588426.0,Basketball
263,Bryce Cotton,Memphis Grizzlies,8.0,PG,23.0,6-1,165.0,Providence,700902.0,Basketball
264,Jordan Farmar,Memphis Grizzlies,4.0,PG,29.0,6-2,180.0,UCLA,,Basketball
265,Marc Gasol,Memphis Grizzlies,33.0,C,31.0,7-1,255.0,,19688000.0,Basketball
266,JaMychal Green,Memphis Grizzlies,0.0,PF,25.0,6-9,227.0,Alabama,845059.0,Basketball
267,P.J. Hairston,Memphis Grizzlies,19.0,SF,23.0,6-6,230.0,North Carolina,1201440.0,Basketball
268,Jarell Martin,Memphis Grizzlies,10.0,PF,22.0,6-10,239.0,LSU,1230840.0,Basketball
269,Ray McCallum,Memphis Grizzlies,5.0,PG,24.0,6-3,190.0,Detroit,,Basketball
270,Xavier Munford,Memphis Grizzlies,14.0,PG,24.0,6-3,180.0,Rhode Island,,Basketball
271,Zach Randolph,Memphis Grizzlies,50.0,PF,34.0,6-9,260.0,Michigan State,9638555.0,Basketball
272,Lance Stephenson,Memphis Grizzlies,1.0,SF,25.0,6-5,230.0,Cincinnati,9000000.0,Basketball
273,Alex Stepheson,Memphis Grizzlies,35.0,PF,28.0,6-10,270.0,USC,,Basketball
274,Brandan Wright,Memphis Grizzlies,34.0,PF,28.0,6-10,210.0,North Carolina,5464000.0,Basketball
275,Alexis Ajinca,New Orleans Pelicans,42.0,C,28.0,7-2,248.0,,4389607.0,Basketball
276,Ryan Anderson,New Orleans Pelicans,33.0,PF,28.0,6-10,240.0,California,8500000.0,Basketball
277,Omer Asik,New Orleans Pelicans,3.0,C,29.0,7-0,255.0,,9213483.0,Basketball
278,Luke Babbitt,New Orleans Pelicans,8.0,SF,26.0,6-9,225.0,Nevada,1100602.0,Basketball
279,Norris Cole,New Orleans Pelicans,30.0,PG,27.0,6-2,175.0,Cleveland State,3036927.0,Basketball
280,Dante Cunningham,New Orleans Pelicans,44.0,PF,29.0,6-8,230.0,Villanova,2850000.0,Basketball
281,Anthony Davis,New Orleans Pelicans,23.0,PF,23.0,6-10,253.0,Kentucky,7070730.0,Basketball
282,Bryce Dejean-Jones,New Orleans Pelicans,31.0,SG,23.0,6-6,203.0,Iowa State,169883.0,Basketball
283,Toney Douglas,New Orleans Pelicans,16.0,PG,30.0,6-2,195.0,Florida State,1164858.0,Basketball
284,James Ennis,New Orleans Pelicans,4.0,SF,25.0,6-7,210.0,Long Beach State,845059.0,Basketball
285,Tyreke Evans,New Orleans Pelicans,1.0,SG,26.0,6-6,220.0,Memphis,10734586.0,Basketball
286,Tim Frazier,New Orleans Pelicans,2.0,PG,25.0,6-1,170.0,Penn State,845059.0,Basketball
287,Alonzo Gee,New Orleans Pelicans,15.0,SF,29.0,6-6,225.0,Alabama,1320000.0,Basketball
288,Eric Gordon,New Orleans Pelicans,10.0,SG,27.0,6-4,215.0,Indiana,15514031.0,Basketball
289,Jordan Hamilton,New Orleans Pelicans,25.0,SG,25.0,6-7,220.0,Texas,1015421.0,Basketball
290,Jrue Holiday,New Orleans Pelicans,11.0,PG,25.0,6-4,205.0,UCLA,10595507.0,Basketball
291,Orlando Johnson,New Orleans Pelicans,0.0,SG,27.0,6-5,220.0,UC Santa Barbara,55722.0,Basketball
292,Kendrick Perkins,New Orleans Pelicans,5.0,C,31.0,6-10,270.0,,947276.0,Basketball
293,Quincy Pondexter,New Orleans Pelicans,20.0,SF,28.0,6-7,220.0,Washington,3382023.0,Basketball
294,LaMarcus Aldridge,San Antonio Spurs,12.0,PF,30.0,6-11,240.0,Texas,19689000.0,Basketball
295,Kyle Anderson,San Antonio Spurs,1.0,SF,22.0,6-9,230.0,UCLA,1142880.0,Basketball
296,Matt Bonner,San Antonio Spurs,15.0,C,36.0,6-10,235.0,Florida,947276.0,Basketball
297,Boris Diaw,San Antonio Spurs,33.0,C,34.0,6-8,250.0,,7500000.0,Basketball
298,Tim Duncan,San Antonio Spurs,21.0,C,40.0,6-11,250.0,Wake Forest,5250000.0,Basketball
299,Manu Ginobili,San Antonio Spurs,20.0,SG,38.0,6-6,205.0,,2814000.0,Basketball
300,Danny Green,San Antonio Spurs,14.0,SG,28.0,6-6,215.0,North Carolina,10000000.0,Basketball
301,Kawhi Leonard,San Antonio Spurs,2.0,SF,24.0,6-7,230.0,San Diego State,16407500.0,Basketball
302,Boban Marjanovic,San Antonio Spurs,40.0,C,27.0,7-3,290.0,,1200000.0,Basketball
303,Kevin Martin,San Antonio Spurs,23.0,SG,33.0,6-7,199.0,Western Carolina,200600.0,Basketball
304,Andre Miller,San Antonio Spurs,24.0,PG,40.0,6-3,200.0,Utah,250750.0,Basketball
305,Patty Mills,San Antonio Spurs,8.0,PG,27.0,6-0,185.0,Saint Mary's,3578947.0,Basketball
306,Tony Parker,San Antonio Spurs,9.0,PG,34.0,6-2,185.0,,13437500.0,Basketball
307,Jonathon Simmons,San Antonio Spurs,17.0,SG,26.0,6-6,195.0,Houston,525093.0,Basketball
308,David West,San Antonio Spurs,30.0,PF,35.0,6-9,250.0,Xavier,1499187.0,Basketball
309,Kent Bazemore,Atlanta Hawks,24.0,SF,26.0,6-5,201.0,Old Dominion,2000000.0,Basketball
310,Tim Hardaway Jr.,Atlanta Hawks,10.0,SG,24.0,6-6,205.0,Michigan,1304520.0,Basketball
311,Kirk Hinrich,Atlanta Hawks,12.0,SG,35.0,6-4,190.0,Kansas,2854940.0,Basketball
312,Al Horford,Atlanta Hawks,15.0,C,30.0,6-10,245.0,Florida,12000000.0,Basketball
313,Kris Humphries,Atlanta Hawks,43.0,PF,31.0,6-9,235.0,Minnesota,1000000.0,Basketball
314,Kyle Korver,Atlanta Hawks,26.0,SG,35.0,6-7,212.0,Creighton,5746479.0,Basketball
315,Paul Millsap,Atlanta Hawks,4.0,PF,31.0,6-8,246.0,Louisiana Tech,18671659.0,Basketball
316,Mike Muscala,Atlanta Hawks,31.0,PF,24.0,6-11,240.0,Bucknell,947276.0,Basketball
317,Lamar Patterson,Atlanta Hawks,13.0,SG,24.0,6-5,225.0,Pittsburgh,525093.0,Basketball
318,Dennis Schroder,Atlanta Hawks,17.0,PG,22.0,6-1,172.0,,1763400.0,Basketball
319,Mike Scott,Atlanta Hawks,32.0,PF,27.0,6-8,237.0,Virginia,3333333.0,Basketball
320,Thabo Sefolosha,Atlanta Hawks,25.0,SF,32.0,6-7,220.0,,4000000.0,Basketball
321,Tiago Splitter,Atlanta Hawks,11.0,C,31.0,6-11,245.0,,9756250.0,Basketball
322,Walter Tavares,Atlanta Hawks,22.0,C,24.0,7-3,260.0,,1000000.0,Basketball
323,Jeff Teague,Atlanta Hawks,0.0,PG,27.0,6-2,186.0,Wake Forest,8000000.0,Basketball
324,Nicolas Batum,Charlotte Hornets,5.0,SG,27.0,6-8,200.0,,13125306.0,Basketball
325,Troy Daniels,Charlotte Hornets,30.0,SG,24.0,6-4,205.0,Virginia Commonwealth,947276.0,Basketball
326,Jorge Gutierrez,Charlotte Hornets,12.0,PG,27.0,6-3,189.0,California,189455.0,Basketball
327,Tyler Hansbrough,Charlotte Hornets,50.0,PF,30.0,6-9,250.0,North Carolina,947276.0,Basketball
328,Aaron Harrison,Charlotte Hornets,9.0,SG,21.0,6-6,210.0,Kentucky,525093.0,Basketball
329,Spencer Hawes,Charlotte Hornets,0.0,PF,28.0,7-1,245.0,Washington,6110034.0,Basketball
330,Al Jefferson,Charlotte Hornets,25.0,C,31.0,6-10,289.0,,13500000.0,Basketball
331,Frank Kaminsky III,Charlotte Hornets,44.0,C,23.0,7-0,240.0,Wisconsin,2612520.0,Basketball
332,Michael Kidd-Gilchrist,Charlotte Hornets,14.0,SF,22.0,6-7,232.0,Kentucky,6331404.0,Basketball
333,Jeremy Lamb,Charlotte Hornets,3.0,SG,24.0,6-5,185.0,Connecticut,3034356.0,Basketball
334,Courtney Lee,Charlotte Hornets,1.0,SG,30.0,6-5,200.0,Western Kentucky,5675000.0,Basketball
335,Jeremy Lin,Charlotte Hornets,7.0,PG,27.0,6-3,200.0,Harvard,2139000.0,Basketball
336,Kemba Walker,Charlotte Hornets,15.0,PG,26.0,6-1,184.0,Connecticut,12000000.0,Basketball
337,Marvin Williams,Charlotte Hornets,2.0,PF,29.0,6-9,237.0,North Carolina,7000000.0,Basketball
338,Cody Zeller,Charlotte Hornets,40.0,C,23.0,7-0,240.0,Indiana,4204200.0,Basketball
339,Chris Bosh,Miami Heat,1.0,PF,32.0,6-11,235.0,Georgia Tech,22192730.0,Basketball
340,Luol Deng,Miami Heat,9.0,SF,31.0,6-9,220.0,Duke,10151612.0,Basketball
341,Goran Dragic,Miami Heat,7.0,PG,30.0,6-3,190.0,,14783000.0,Basketball
342,Gerald Green,Miami Heat,14.0,SF,30.0,6-7,205.0,,947276.0,Basketball
343,Udonis Haslem,Miami Heat,40.0,PF,36.0,6-8,235.0,Florida,2854940.0,Basketball
344,Joe Johnson,Miami Heat,2.0,SF,34.0,6-7,240.0,Arkansas,261894.0,Basketball
345,Tyler Johnson,Miami Heat,8.0,SG,24.0,6-4,186.0,Fresno State,845059.0,Basketball
346,Josh McRoberts,Miami Heat,4.0,PF,29.0,6-10,240.0,Duke,5543725.0,Basketball
347,Josh Richardson,Miami Heat,0.0,SG,22.0,6-6,200.0,Tennessee,525093.0,Basketball
348,Amar'e Stoudemire,Miami Heat,5.0,PF,33.0,6-10,245.0,,947276.0,Basketball
349,Dwyane Wade,Miami Heat,3.0,SG,34.0,6-4,220.0,Marquette,20000000.0,Basketball
350,Briante Weber,Miami Heat,12.0,PG,23.0,6-2,165.0,Virginia Commonwealth,,Basketball
351,Hassan Whiteside,Miami Heat,21.0,C,26.0,7-0,265.0,Marshall,981348.0,Basketball
352,Justise Winslow,Miami Heat,20.0,SF,20.0,6-7,225.0,Duke,2481720.0,Basketball
353,Dorell Wright,Miami Heat,11.0,SF,30.0,6-9,205.0,,,Basketball
354,Dewayne Dedmon,Orlando Magic,3.0,C,26.0,7-0,245.0,USC,947276.0,Basketball
355,Evan Fournier,Orlando Magic,10.0,SG,23.0,6-7,205.0,,2288205.0,Basketball
356,Aaron Gordon,Orlando Magic,0.0,PF,20.0,6-9,220.0,Arizona,4171680.0,Basketball
357,Mario Hezonja,Orlando Magic,23.0,SG,21.0,6-8,218.0,,3741480.0,Basketball
358,Ersan Ilyasova,Orlando Magic,7.0,PF,29.0,6-10,235.0,,7900000.0,Basketball
359,Brandon Jennings,Orlando Magic,55.0,PG,26.0,6-1,169.0,,8344497.0,Basketball
360,Devyn Marble,Orlando Magic,11.0,SF,23.0,6-6,200.0,Iowa,845059.0,Basketball
361,Shabazz Napier,Orlando Magic,13.0,PG,24.0,6-1,175.0,Connecticut,1294440.0,Basketball
362,Andrew Nicholson,Orlando Magic,44.0,PF,26.0,6-9,250.0,St. Bonaventure,2380593.0,Basketball
363,Victor Oladipo,Orlando Magic,5.0,SG,24.0,6-4,210.0,Indiana,5192520.0,Basketball
364,Elfrid Payton,Orlando Magic,4.0,PG,22.0,6-4,185.0,Louisiana-Lafayette,2505720.0,Basketball
365,Jason Smith,Orlando Magic,14.0,PF,30.0,7-0,240.0,Colorado State,4300000.0,Basketball
366,Nikola Vucevic,Orlando Magic,9.0,C,25.0,7-0,260.0,USC,11250000.0,Basketball
367,C.J. Watson,Orlando Magic,32.0,PG,32.0,6-2,175.0,Tennessee,5000000.0,Basketball
368,Alan Anderson,Washington Wizards,6.0,SG,33.0,6-6,220.0,Michigan State,4000000.0,Basketball
369,Bradley Beal,Washington Wizards,3.0,SG,22.0,6-5,207.0,Florida,5694674.0,Basketball
370,Jared Dudley,Washington Wizards,1.0,SF,30.0,6-7,225.0,Boston College,4375000.0,Basketball
371,Jarell Eddie,Washington Wizards,8.0,SG,24.0,6-7,218.0,Virginia Tech,561716.0,Basketball
372,Drew Gooden,Washington Wizards,90.0,PF,34.0,6-10,250.0,Kansas,3300000.0,Basketball
373,Marcin Gortat,Washington Wizards,13.0,C,32.0,6-11,240.0,,11217391.0,Basketball
374,JJ Hickson,Washington Wizards,21.0,C,27.0,6-9,242.0,North Carolina State,273038.0,Basketball
375,Nene Hilario,Washington Wizards,42.0,C,33.0,6-11,250.0,,13000000.0,Basketball
376,Markieff Morris,Washington Wizards,5.0,PF,26.0,6-10,245.0,Kansas,8000000.0,Basketball
377,Kelly Oubre Jr.,Washington Wizards,12.0,SF,20.0,6-7,205.0,Kansas,1920240.0,Basketball
378,Otto Porter Jr.,Washington Wizards,22.0,SF,23.0,6-8,198.0,Georgetown,4662960.0,Basketball
379,Ramon Sessions,Washington Wizards,7.0,PG,30.0,6-3,190.0,Nevada,2170465.0,Basketball
380,Garrett Temple,Washington Wizards,17.0,SG,30.0,6-6,195.0,LSU,1100602.0,Basketball
381,Marcus Thornton,Washington Wizards,15.0,SF,29.0,6-4,205.0,LSU,200600.0,Basketball
382,John Wall,Washington Wizards,2.0,PG,25.0,6-4,195.0,Kentucky,15851950.0,Basketball
383,Darrell Arthur,Denver Nuggets,0.0,PF,28.0,6-9,235.0,Kansas,2814000.0,Basketball
384,D.J. Augustin,Denver Nuggets,12.0,PG,28.0,6-0,183.0,Texas,3000000.0,Basketball
385,Will Barton,Denver Nuggets,5.0,SF,25.0,6-6,175.0,Memphis,3533333.0,Basketball
386,Wilson Chandler,Denver Nuggets,21.0,SF,29.0,6-8,225.0,DePaul,10449438.0,Basketball
387,Kenneth Faried,Denver Nuggets,35.0,PF,26.0,6-8,228.0,Morehead State,11235955.0,Basketball
388,Danilo Gallinari,Denver Nuggets,8.0,SF,27.0,6-10,225.0,,14000000.0,Basketball
389,Gary Harris,Denver Nuggets,14.0,SG,21.0,6-4,210.0,Michigan State,1584480.0,Basketball
390,Nikola Jokic,Denver Nuggets,15.0,C,21.0,6-10,250.0,,1300000.0,Basketball
391,Joffrey Lauvergne,Denver Nuggets,77.0,C,24.0,6-11,220.0,,1709719.0,Basketball
392,Mike Miller,Denver Nuggets,3.0,SG,36.0,6-8,218.0,Florida,947276.0,Basketball
393,Emmanuel Mudiay,Denver Nuggets,0.0,PG,20.0,6-5,200.0,,3102240.0,Basketball
394,Jameer Nelson,Denver Nuggets,1.0,PG,34.0,6-0,190.0,Saint Joseph's,4345000.0,Basketball
395,Jusuf Nurkic,Denver Nuggets,23.0,C,21.0,7-0,280.0,,1842000.0,Basketball
396,JaKarr Sampson,Denver Nuggets,9.0,SG,23.0,6-9,214.0,St. John's,258489.0,Basketball
397,Axel Toupane,Denver Nuggets,6.0,SG,23.0,6-7,210.0,,,Basketball
398,Nemanja Bjelica,Minnesota Timberwolves,88.0,PF,28.0,6-10,240.0,,3950001.0,Basketball
399,Gorgui Dieng,Minnesota Timberwolves,5.0,C,26.0,6-11,241.0,Louisville,1474440.0,Basketball
400,Kevin Garnett,Minnesota Timberwolves,21.0,PF,40.0,6-11,240.0,,8500000.0,Basketball
401,Tyus Jones,Minnesota Timberwolves,1.0,PG,20.0,6-2,195.0,Duke,1282080.0,Basketball
402,Zach LaVine,Minnesota Timberwolves,8.0,PG,21.0,6-5,189.0,UCLA,2148360.0,Basketball
403,Shabazz Muhammad,Minnesota Timberwolves,15.0,SF,23.0,6-6,223.0,UCLA,2056920.0,Basketball
404,Adreian Payne,Minnesota Timberwolves,33.0,PF,25.0,6-10,237.0,Michigan State,1938840.0,Basketball
405,Nikola Pekovic,Minnesota Timberwolves,14.0,C,30.0,6-11,307.0,,12100000.0,Basketball
406,Tayshaun Prince,Minnesota Timberwolves,12.0,SF,36.0,6-9,212.0,Kentucky,947276.0,Basketball
407,Ricky Rubio,Minnesota Timberwolves,9.0,PG,25.0,6-4,194.0,,12700000.0,Basketball
408,Damjan Rudez,Minnesota Timberwolves,10.0,SF,29.0,6-9,230.0,,1149500.0,Basketball
409,Greg Smith,Minnesota Timberwolves,4.0,PF,25.0,6-10,250.0,Fresno State,,Basketball
410,Karl-Anthony Towns,Minnesota Timberwolves,32.0,C,20.0,7-0,244.0,Kentucky,5703600.0,Basketball
411,Andrew Wiggins,Minnesota Timberwolves,22.0,SG,21.0,6-8,199.0,Kansas,5758680.0,Basketball
412,Steven Adams,Oklahoma City Thunder,12.0,C,22.0,7-0,255.0,Pittsburgh,2279040.0,Basketball
413,Nick Collison,Oklahoma City Thunder,4.0,PF,35.0,6-10,255.0,Kansas,3750000.0,Basketball
414,Kevin Durant,Oklahoma City Thunder,35.0,SF,27.0,6-9,240.0,Texas,20158622.0,Basketball
415,Randy Foye,Oklahoma City Thunder,6.0,SG,32.0,6-4,213.0,Villanova,3135000.0,Basketball
416,Josh Huestis,Oklahoma City Thunder,34.0,SF,24.0,6-7,230.0,Stanford,1140240.0,Basketball
417,Serge Ibaka,Oklahoma City Thunder,9.0,PF,26.0,6-10,245.0,,12250000.0,Basketball
418,Enes Kanter,Oklahoma City Thunder,11.0,C,24.0,6-11,245.0,Kentucky,16407500.0,Basketball
419,Mitch McGary,Oklahoma City Thunder,33.0,PF,24.0,6-10,255.0,Michigan,1463040.0,Basketball
420,Nazr Mohammed,Oklahoma City Thunder,13.0,C,38.0,6-10,250.0,Kentucky,222888.0,Basketball
421,Anthony Morrow,Oklahoma City Thunder,2.0,SG,30.0,6-5,210.0,Georgia Tech,3344000.0,Basketball
422,Cameron Payne,Oklahoma City Thunder,22.0,PG,21.0,6-3,185.0,Murray State,2021520.0,Basketball
423,Andre Roberson,Oklahoma City Thunder,21.0,SG,24.0,6-7,210.0,Colorado,1210800.0,Basketball
424,Kyle Singler,Oklahoma City Thunder,5.0,SF,28.0,6-8,228.0,Duke,4500000.0,Basketball
425,Dion Waiters,Oklahoma City Thunder,3.0,SG,24.0,6-4,220.0,Syracuse,5138430.0,Basketball
426,Russell Westbrook,Oklahoma City Thunder,0.0,PG,27.0,6-3,200.0,UCLA,16744218.0,Basketball
427,Cliff Alexander,Portland Trail Blazers,34.0,PF,20.0,6-8,240.0,Kansas,525093.0,Basketball
428,Al-Farouq Aminu,Portland Trail Blazers,8.0,SF,25.0,6-9,215.0,Wake Forest,8042895.0,Basketball
429,Pat Connaughton,Portland Trail Blazers,5.0,SG,23.0,6-5,206.0,Notre Dame,625093.0,Basketball
430,Allen Crabbe,Portland Trail Blazers,23.0,SG,24.0,6-6,210.0,California,947276.0,Basketball
431,Ed Davis,Portland Trail Blazers,17.0,C,27.0,6-10,240.0,North Carolina,6980802.0,Basketball
432,Maurice Harkless,Portland Trail Blazers,4.0,SF,23.0,6-9,215.0,St. John's,2894059.0,Basketball
433,Gerald Henderson,Portland Trail Blazers,9.0,SG,28.0,6-5,215.0,Duke,6000000.0,Basketball
434,Chris Kaman,Portland Trail Blazers,35.0,C,34.0,7-0,265.0,Central Michigan,5016000.0,Basketball
435,Meyers Leonard,Portland Trail Blazers,11.0,PF,24.0,7-1,245.0,Illinois,3075880.0,Basketball
436,Damian Lillard,Portland Trail Blazers,0.0,PG,25.0,6-3,195.0,Weber State,4236287.0,Basketball
437,C.J. McCollum,Portland Trail Blazers,3.0,SG,24.0,6-4,200.0,Lehigh,2525160.0,Basketball
438,Luis Montero,Portland Trail Blazers,44.0,SG,23.0,6-7,185.0,Westchester CC,525093.0,Basketball
439,Mason Plumlee,Portland Trail Blazers,24.0,C,26.0,6-11,235.0,Duke,1415520.0,Basketball
440,Brian Roberts,Portland Trail Blazers,2.0,PG,30.0,6-1,173.0,Dayton,2854940.0,Basketball
441,Noah Vonleh,Portland Trail Blazers,21.0,PF,20.0,6-9,240.0,Indiana,2637720.0,Basketball
442,Trevor Booker,Utah Jazz,33.0,PF,28.0,6-8,228.0,Clemson,4775000.0,Basketball
443,Trey Burke,Utah Jazz,3.0,PG,23.0,6-1,191.0,Michigan,2658240.0,Basketball
444,Alec Burks,Utah Jazz,10.0,SG,24.0,6-6,214.0,Colorado,9463484.0,Basketball
445,Dante Exum,Utah Jazz,11.0,PG,20.0,6-6,190.0,,3777720.0,Basketball
446,Derrick Favors,Utah Jazz,15.0,PF,24.0,6-10,265.0,Georgia Tech,12000000.0,Basketball
447,Rudy Gobert,Utah Jazz,27.0,C,23.0,7-1,245.0,,1175880.0,Basketball
448,Gordon Hayward,Utah Jazz,20.0,SF,26.0,6-8,226.0,Butler,15409570.0,Basketball
449,Rodney Hood,Utah Jazz,5.0,SG,23.0,6-8,206.0,Duke,1348440.0,Basketball
450,Joe Ingles,Utah Jazz,2.0,SF,28.0,6-8,226.0,,2050000.0,Basketball
451,Chris Johnson,Utah Jazz,23.0,SF,26.0,6-6,206.0,Dayton,981348.0,Basketball
452,Trey Lyles,Utah Jazz,41.0,PF,20.0,6-10,234.0,Kentucky,2239800.0,Basketball
453,Shelvin Mack,Utah Jazz,8.0,PG,26.0,6-3,203.0,Butler,2433333.0,Basketball
454,Raul Neto,Utah Jazz,25.0,PG,24.0,6-1,179.0,,900000.0,Basketball
455,Tibor Pleiss,Utah Jazz,21.0,C,26.0,7-3,256.0,,2900000.0,Basketball
456,Jeff Withey,Utah Jazz,24.0,C,26.0,7-0,231.0,Kansas,947276.0,Basketball
457,,,,,,,,,,Basketball
